tenant_id,contract_id,start_date,end_date
1,01000/0005812/006,2017-01-06,2020-01-06
1,01000/0006230,2015-03-14,2015-08-31
1,01000/0006230 (1),2014-02-28,2014-12-31
1,1-1119893069,1900-01-01,1900-01-01
1,2012-250,2017-12-01,2018-12-31
1,28351 3256 1343/NHSCA,2016-07-25,2018-07-02
1,30599,2013-12-16,2017-12-04
1,31457,2016-03-07,2018-12-31
1,31473,2016-03-08,2018-12-31
1,31747,2016-04-04,2018-12-31
1,32030,2016-04-28,2017-04-28
1,32555,2016-06-10,2018-12-31
1,36395,2017-09-04,2018-09-04
1,37029,2017-10-30,2018-10-30
1,414336,2015-01-26,2017-01-26
1,5629TH-NS,2014-04-15,1900-01-01
1,71616,2014-04-17,2015-05-29
1,72738-CRD,2018-02-01,2018-04-30
1,7323-2PLS/AS,2018-06-29,2019-05-28
1,CB/3006,1900-01-01,1900-01-01
1,CIPS1391,1900-01-01,1900-01-01
1,DC/SK/SH/33401,1900-01-01,1900-01-01
1,DT/DJ/KE/36666,1900-01-01,1900-01-01
1,DT/DJ/KE/37029,2017-10-30,2018-10-30
1,FAG000016448,2017-04-18,2018-03-31
1,FAG15285,2013-05-01,2014-09-12
1,GS-LF-ST. GEORGE-21659(B),1900-01-01,1900-01-01
1,LIST PRICE - EXP 31/3/15,2017-01-06,2020-01-06
1,LIST PRICED ITEMS,2013-04-01,2014-03-31
1,NI-EM-ST GEORGE'S-23519,1900-01-01,1900-01-01
1,NON COMMITMENT PRICE,2016-08-15,2018-12-31
1,NON CONTRACTED PRICE,1900-01-01,1900-01-01
1,OFF CONTRACT,1900-01-01,1900-01-01
1,OFF CONTRACT REF S-142000,2018-01-26,2019-01-31
1,OFF CONTRACT REF S-189652,2018-01-22,2019-01-30
1,PRICING 2018,2018-01-01,2018-12-31
1,Q15-0130,1900-01-01,1900-01-01
1,QUOTE: 7507,1900-01-01,2014-11-23
1,QUOTE:3025CS-MK,2014-04-15,1900-01-01
1,RB/CS/BL/31772,1900-01-01,1900-01-01
1,REF: 8361,1900-01-01,1900-01-01
1,S11097,2012-02-15,2018-02-28
1,SGH PRICING 2016 - 2017,2016-05-07,2017-05-06
1,SGH PRICING 2017 - 2018,2017-05-07,2018-05-06
1,STG PRICING AGREEMENT 201,2017-08-01,2018-07-31
1,STG0923,2014-09-16,2015-08-14
1,STG1519/2016,2018-04-01,2019-03-31
1,STG465,2013-07-01,2015-06-30
1,STG465/H560,2018-03-20,2018-09-30
1,STGPA00150718,2018-07-06,2019-07-05
1,T-0863518-5,2017-04-04,2017-11-07
1,T-1045589-3,2017-02-28,2018-02-28
1,TENDER REF STG/0895/2014,2014-08-01,2017-07-31
1,UKEPGS00206,2015-08-01,2020-01-06
1,VPM20140221,2015-11-12,2018-11-30
1,VPM20170819,2017-05-02,2018-05-02